{"LSTM": 0.2501879120079901, "BiLSTM": 0.2494899592799475, "GRU": 0.2475034917036552, "BiGRU": 0.25281863700840723}